n_threads,time
2,9.732718
2,9.694980
4,5.025670
4,5.017017
8,3.951228
8,3.934197
